createdAt,trend
2015-12-05T11:18:52Z,#KIISJingleBall
2015-12-05T11:18:52Z,#ICallDibsOn
2015-12-05T11:18:52Z,#ActionDay
2015-12-05T11:18:52Z,#CaliChristmas
2015-12-05T11:18:52Z,#VisionToReality
2015-12-05T11:18:52Z,Pelicans
2015-12-05T11:18:52Z,Niall and Selena
2015-12-05T11:18:52Z,Dense Fog Advisory
2015-12-05T11:18:52Z,Page 1
2015-12-05T11:18:52Z,Duval
2015-12-05T11:18:52Z,La Habra
2015-12-05T11:18:52Z,San Bernardino
2015-12-05T11:18:52Z,Scott Weiland
2015-12-05T11:18:52Z,Greinke
2015-12-05T11:18:52Z,Hail Mary
2015-12-05T11:18:52Z,Anthony Davis
2015-12-05T11:18:52Z,Jay Z
2015-12-05T11:18:52Z,Lions
2015-12-05T11:18:52Z,Tashfeen Malik
2015-12-05T11:18:52Z,Moments
2015-12-05T11:18:52Z,MSNBC
2015-12-05T11:18:52Z,Aaron Rodgers
2015-12-05T11:18:52Z,Emerald City
2015-12-05T11:18:52Z,#SmallBizSatUK
2015-12-05T11:18:52Z,#N1CanalFiesta49
2015-12-05T11:18:52Z,#KarachiVotesForMQM
2015-12-05T11:18:52Z,#1989TourBrisbane
2015-12-05T11:18:52Z,#unlvmbb
2015-12-05T11:18:52Z,#ChristmasShoppingAtTheMovies
2015-12-05T11:18:52Z,#Caturday
2015-12-05T11:18:52Z,#ALDUBRendezvous
2015-12-05T11:18:52Z,#ImHornyBecause
2015-12-05T11:18:52Z,#splatfest
2015-12-05T11:18:52Z,#SabadoDeGanarSeguidores
2015-12-05T11:18:52Z,#earthlawtribunal
2015-12-05T11:18:52Z,#Hoodslam
2015-12-05T11:18:52Z,#RIPChrisCarney
2015-12-05T11:18:52Z,#DelhiOddEvenLogic
2015-12-05T11:18:52Z,#TheWiz
2015-12-05T11:18:52Z,#NationalCookieDay
2015-12-05T11:18:52Z,#BlueNeighbourhood
2015-12-05T11:18:52Z,#TwitterAwakens
2015-12-05T11:18:52Z,#ANTM
2015-12-05T11:18:52Z,#GBvsDET
2015-12-05T11:18:52Z,#TheGameAwards
2015-12-05T11:18:52Z,#NASCARawards
2015-12-05T11:18:52Z,#UndateableLive
2015-12-05T11:18:52Z,#PitMad
2015-12-05T11:18:52Z,#RDFamilyHoliday
2015-12-05T11:18:52Z,#Packers
2015-12-05T11:23:54Z,#KIISJingleBall
2015-12-05T11:23:54Z,#ICallDibsOn
2015-12-05T11:23:54Z,#ActionDay
2015-12-05T11:23:54Z,#VisionToReality
2015-12-05T11:23:54Z,#CaliChristmas
2015-12-05T11:23:54Z,Niall and Selena
2015-12-05T11:23:54Z,Dense Fog Advisory
2015-12-05T11:23:54Z,Page 1
2015-12-05T11:23:54Z,Duval
2015-12-05T11:23:54Z,La Habra
2015-12-05T11:23:54Z,San Bernardino
2015-12-05T11:23:54Z,Scott Weiland
2015-12-05T11:23:54Z,Greinke
2015-12-05T11:23:54Z,Hail Mary
2015-12-05T11:23:54Z,Anthony Davis
2015-12-05T11:23:54Z,Jay Z
2015-12-05T11:23:54Z,Lions
2015-12-05T11:23:54Z,Tashfeen Malik
2015-12-05T11:23:54Z,Moments
2015-12-05T11:23:54Z,MSNBC
2015-12-05T11:23:54Z,Aaron Rodgers
2015-12-05T11:23:54Z,Emerald City
2015-12-05T11:23:54Z,#SmallBizSatUK
2015-12-05T11:23:54Z,#N1CanalFiesta49
2015-12-05T11:23:54Z,#KarachiVotesForMQM
2015-12-05T11:23:54Z,#1989TourBrisbane
2015-12-05T11:23:54Z,#unlvmbb
2015-12-05T11:23:54Z,#ChristmasShoppingAtTheMovies
2015-12-05T11:23:54Z,#Caturday
2015-12-05T11:23:54Z,#ALDUBRendezvous
2015-12-05T11:23:54Z,#ImHornyBecause
2015-12-05T11:23:54Z,#CLEvsNO
2015-12-05T11:23:54Z,#SabadoDeGanarSeguidores
2015-12-05T11:23:54Z,#splatfest
2015-12-05T11:23:54Z,#earthlawtribunal
2015-12-05T11:23:54Z,#Hoodslam
2015-12-05T11:23:54Z,#RIPChrisCarney
2015-12-05T11:23:54Z,#DelhiOddEvenLogic
2015-12-05T11:23:54Z,#TheWiz
2015-12-05T11:23:54Z,#NationalCookieDay
2015-12-05T11:23:54Z,#BlueNeighbourhood
2015-12-05T11:23:54Z,#TwitterAwakens
2015-12-05T11:23:54Z,#ANTM
2015-12-05T11:23:54Z,#GBvsDET
2015-12-05T11:23:54Z,#MuslimApartment
2015-12-05T11:23:54Z,#TheGameAwards
2015-12-05T11:23:54Z,#NASCARawards
2015-12-05T11:23:54Z,#UndateableLive
2015-12-05T11:23:54Z,#PitMad
2015-12-05T11:23:54Z,#RDFamilyHoliday
2015-12-05T11:23:54Z,#KIISJingleBall
2015-12-05T11:23:54Z,#ICallDibsOn
2015-12-05T11:23:54Z,#ActionDay
2015-12-05T11:23:54Z,#VisionToReality
2015-12-05T11:23:54Z,#CaliChristmas
2015-12-05T11:23:54Z,Niall and Selena
2015-12-05T11:23:54Z,Dense Fog Advisory
2015-12-05T11:23:54Z,Page 1
2015-12-05T11:23:54Z,Duval
2015-12-05T11:23:54Z,La Habra
2015-12-05T11:23:54Z,San Bernardino
2015-12-05T11:23:54Z,Scott Weiland
2015-12-05T11:23:54Z,Greinke
2015-12-05T11:23:54Z,Hail Mary
2015-12-05T11:23:54Z,Anthony Davis
2015-12-05T11:23:54Z,Jay Z
2015-12-05T11:23:54Z,Lions
2015-12-05T11:23:54Z,Tashfeen Malik
2015-12-05T11:23:54Z,Moments
2015-12-05T11:23:54Z,MSNBC
2015-12-05T11:23:54Z,Aaron Rodgers
2015-12-05T11:23:54Z,Emerald City
2015-12-05T11:23:54Z,#SmallBizSatUK
2015-12-05T11:23:54Z,#N1CanalFiesta49
2015-12-05T11:23:54Z,#KarachiVotesForMQM
2015-12-05T11:23:54Z,#1989TourBrisbane
2015-12-05T11:23:54Z,#unlvmbb
2015-12-05T11:23:54Z,#ChristmasShoppingAtTheMovies
2015-12-05T11:23:54Z,#Caturday
2015-12-05T11:23:54Z,#ALDUBRendezvous
2015-12-05T11:23:54Z,#ImHornyBecause
2015-12-05T11:23:54Z,#CLEvsNO
2015-12-05T11:23:54Z,#SabadoDeGanarSeguidores
2015-12-05T11:23:54Z,#splatfest
2015-12-05T11:23:54Z,#earthlawtribunal
2015-12-05T11:23:54Z,#Hoodslam
2015-12-05T11:23:54Z,#RIPChrisCarney
2015-12-05T11:23:54Z,#DelhiOddEvenLogic
2015-12-05T11:23:54Z,#TheWiz
2015-12-05T11:23:54Z,#NationalCookieDay
2015-12-05T11:23:54Z,#BlueNeighbourhood
2015-12-05T11:23:54Z,#TwitterAwakens
2015-12-05T11:23:54Z,#ANTM
2015-12-05T11:23:54Z,#GBvsDET
2015-12-05T11:23:54Z,#MuslimApartment
2015-12-05T11:23:54Z,#TheGameAwards
2015-12-05T11:23:54Z,#NASCARawards
2015-12-05T11:23:54Z,#UndateableLive
2015-12-05T11:23:54Z,#PitMad
2015-12-05T11:23:54Z,#RDFamilyHoliday
2015-12-05T11:28:48Z,#KIISJingleBall
2015-12-05T11:28:48Z,#ICallDibsOn
2015-12-05T11:28:48Z,#ActionDay
2015-12-05T11:28:48Z,#VisionToReality
2015-12-05T11:28:48Z,#SmallBizSatUK
2015-12-05T11:28:48Z,Niall and Selena
2015-12-05T11:28:48Z,Dense Fog Advisory
2015-12-05T11:28:48Z,Page 1
2015-12-05T11:28:48Z,Duval
2015-12-05T11:28:48Z,La Habra
2015-12-05T11:28:48Z,San Bernardino
2015-12-05T11:28:48Z,Scott Weiland
2015-12-05T11:28:48Z,Greinke
2015-12-05T11:28:48Z,Hail Mary
2015-12-05T11:28:48Z,Anthony Davis
2015-12-05T11:28:48Z,Jay Z
2015-12-05T11:28:48Z,Lions
2015-12-05T11:28:48Z,Moments
2015-12-05T11:28:48Z,MSNBC
2015-12-05T11:28:48Z,Aaron Rodgers
2015-12-05T11:28:48Z,Emerald City
2015-12-05T11:28:48Z,#CaliChristmas
2015-12-05T11:28:48Z,#1989TourBrisbane
2015-12-05T11:28:48Z,#N1CanalFiesta49
2015-12-05T11:28:48Z,#KarachiVotesForMQM
2015-12-05T11:28:48Z,#unlvmbb
2015-12-05T11:28:48Z,#ChristmasShoppingAtTheMovies
2015-12-05T11:28:48Z,#Caturday
2015-12-05T11:28:48Z,#ALDUBRendezvous
2015-12-05T11:28:48Z,#ImHornyBecause
2015-12-05T11:28:48Z,#CLEvsNO
2015-12-05T11:28:48Z,#SabadoDeGanarSeguidores
2015-12-05T11:28:48Z,#splatfest
2015-12-05T11:28:48Z,#earthlawtribunal
2015-12-05T11:28:48Z,#Hoodslam
2015-12-05T11:28:48Z,#RIPChrisCarney
2015-12-05T11:28:48Z,#DelhiOddEvenLogic
2015-12-05T11:28:48Z,#TheWiz
2015-12-05T11:28:48Z,#NationalCookieDay
2015-12-05T11:28:48Z,#BlueNeighbourhood
2015-12-05T11:28:48Z,#TwitterAwakens
2015-12-05T11:28:48Z,#ANTM
2015-12-05T11:28:48Z,#GBvsDET
2015-12-05T11:28:48Z,#MuslimApartment
2015-12-05T11:28:48Z,#TheGameAwards
2015-12-05T11:28:48Z,#NASCARawards
2015-12-05T11:28:48Z,#UndateableLive
2015-12-05T11:28:48Z,#PitMad
2015-12-05T11:28:48Z,#RDFamilyHoliday
2015-12-05T11:28:48Z,#Packers
2015-12-05T11:28:48Z,#KIISJingleBall
2015-12-05T11:28:48Z,#ICallDibsOn
2015-12-05T11:28:48Z,#ActionDay
2015-12-05T11:28:48Z,#VisionToReality
2015-12-05T11:28:48Z,#SmallBizSatUK
2015-12-05T11:28:48Z,Niall and Selena
2015-12-05T11:28:48Z,Dense Fog Advisory
2015-12-05T11:28:48Z,Page 1
2015-12-05T11:28:48Z,Duval
2015-12-05T11:28:48Z,La Habra
2015-12-05T11:28:48Z,San Bernardino
2015-12-05T11:28:48Z,Scott Weiland
2015-12-05T11:28:48Z,Greinke
2015-12-05T11:28:48Z,Hail Mary
2015-12-05T11:28:48Z,Anthony Davis
2015-12-05T11:28:48Z,Jay Z
2015-12-05T11:28:48Z,Lions
2015-12-05T11:28:48Z,Moments
2015-12-05T11:28:48Z,MSNBC
2015-12-05T11:28:48Z,Aaron Rodgers
2015-12-05T11:28:48Z,Emerald City
2015-12-05T11:28:48Z,#CaliChristmas
2015-12-05T11:28:48Z,#1989TourBrisbane
2015-12-05T11:28:48Z,#N1CanalFiesta49
2015-12-05T11:28:48Z,#KarachiVotesForMQM
2015-12-05T11:28:48Z,#unlvmbb
2015-12-05T11:28:48Z,#ChristmasShoppingAtTheMovies
2015-12-05T11:28:48Z,#Caturday
2015-12-05T11:28:48Z,#ALDUBRendezvous
2015-12-05T11:28:48Z,#ImHornyBecause
2015-12-05T11:28:48Z,#CLEvsNO
2015-12-05T11:28:48Z,#SabadoDeGanarSeguidores
2015-12-05T11:28:48Z,#splatfest
2015-12-05T11:28:48Z,#earthlawtribunal
2015-12-05T11:28:48Z,#Hoodslam
2015-12-05T11:28:48Z,#RIPChrisCarney
2015-12-05T11:28:48Z,#DelhiOddEvenLogic
2015-12-05T11:28:48Z,#TheWiz
2015-12-05T11:28:48Z,#NationalCookieDay
2015-12-05T11:28:48Z,#BlueNeighbourhood
2015-12-05T11:28:48Z,#TwitterAwakens
2015-12-05T11:28:48Z,#ANTM
2015-12-05T11:28:48Z,#GBvsDET
2015-12-05T11:28:48Z,#MuslimApartment
2015-12-05T11:28:48Z,#TheGameAwards
2015-12-05T11:28:48Z,#NASCARawards
2015-12-05T11:28:48Z,#UndateableLive
2015-12-05T11:28:48Z,#PitMad
2015-12-05T11:28:48Z,#RDFamilyHoliday
2015-12-05T11:28:48Z,#Packers
2015-12-05T11:43:50Z,#KIISJingleBall
2015-12-05T11:43:50Z,#ICallDibsOn
2015-12-05T11:43:50Z,#ActionDay
2015-12-05T11:43:50Z,#SmallBizSatUK
2015-12-05T11:43:50Z,#VisionToReality
2015-12-05T11:43:50Z,Niall and Selena
2015-12-05T11:43:50Z,EU Qualifier
2015-12-05T11:43:50Z,Dense Fog Advisory
2015-12-05T11:43:50Z,Page 1
2015-12-05T11:43:50Z,Duval
2015-12-05T11:43:50Z,La Habra
2015-12-05T11:43:50Z,San Bernardino
2015-12-05T11:43:50Z,Scott Weiland
2015-12-05T11:43:50Z,Greinke
2015-12-05T11:43:50Z,Hail Mary
2015-12-05T11:43:50Z,Anthony Davis
2015-12-05T11:43:50Z,Jay Z
2015-12-05T11:43:50Z,Lions
2015-12-05T11:43:50Z,Moments
2015-12-05T11:43:50Z,MSNBC
2015-12-05T11:43:50Z,Aaron Rodgers
2015-12-05T11:43:50Z,#1989TourBrisbane
2015-12-05T11:43:50Z,#CaliChristmas
2015-12-05T11:43:50Z,#N1CanalFiesta49
2015-12-05T11:43:50Z,#Caturday
2015-12-05T11:43:50Z,#KarachiVotesForMQM
2015-12-05T11:43:50Z,#unlvmbb
2015-12-05T11:43:50Z,#ChristmasShoppingAtTheMovies
2015-12-05T11:43:50Z,#splatfest
2015-12-05T11:43:50Z,#ImHornyBecause
2015-12-05T11:43:50Z,#CLEvsNO
2015-12-05T11:43:50Z,#SabadoDeGanarSeguidores
2015-12-05T11:43:50Z,#earthlawtribunal
2015-12-05T11:43:50Z,#Hoodslam
2015-12-05T11:43:50Z,#RIPChrisCarney
2015-12-05T11:43:50Z,#DelhiOddEvenLogic
2015-12-05T11:43:50Z,#TheWiz
2015-12-05T11:43:50Z,#NationalCookieDay
2015-12-05T11:43:50Z,#BlueNeighbourhood
2015-12-05T11:43:50Z,#TwitterAwakens
2015-12-05T11:43:50Z,#ANTM
2015-12-05T11:43:50Z,#GBvsDET
2015-12-05T11:43:50Z,#MuslimApartment
2015-12-05T11:43:50Z,#TheGameAwards
2015-12-05T11:43:50Z,#NASCARawards
2015-12-05T11:43:50Z,#UndateableLive
2015-12-05T11:43:50Z,#PitMad
2015-12-05T11:43:50Z,#RDFamilyHoliday
2015-12-05T11:43:50Z,#Packers
2015-12-05T11:43:50Z,#Bellator147
2015-12-05T11:48:55Z,#KIISJingleBall
2015-12-05T11:48:55Z,#ICallDibsOn
2015-12-05T11:48:55Z,#ActionDay
2015-12-05T11:48:55Z,#SmallBizSatUK
2015-12-05T11:48:55Z,#VisionToReality
2015-12-05T11:48:55Z,Niall and Selena
2015-12-05T11:48:55Z,SATs
2015-12-05T11:48:55Z,EU Qualifier
2015-12-05T11:48:55Z,Dense Fog Advisory
2015-12-05T11:48:55Z,Page 1
2015-12-05T11:48:55Z,Duval
2015-12-05T11:48:55Z,La Habra
2015-12-05T11:48:55Z,San Bernardino
2015-12-05T11:48:55Z,Scott Weiland
2015-12-05T11:48:55Z,Greinke
2015-12-05T11:48:55Z,Hail Mary
2015-12-05T11:48:55Z,Anthony Davis
2015-12-05T11:48:55Z,Jay Z
2015-12-05T11:48:55Z,Lions
2015-12-05T11:48:55Z,Moments
2015-12-05T11:48:55Z,MSNBC
2015-12-05T11:48:55Z,Aaron Rodgers
2015-12-05T11:48:55Z,#1989TourBrisbane
2015-12-05T11:48:55Z,#CaliChristmas
2015-12-05T11:48:55Z,#N1CanalFiesta49
2015-12-05T11:48:55Z,#Caturday
2015-12-05T11:48:55Z,#KarachiVotesForMQM
2015-12-05T11:48:55Z,#unlvmbb
2015-12-05T11:48:55Z,#ChristmasShoppingAtTheMovies
2015-12-05T11:48:55Z,#splatfest
2015-12-05T11:48:55Z,#ImHornyBecause
2015-12-05T11:48:55Z,#DelhiOddEvenLogic
2015-12-05T11:48:55Z,#SabadoDeGanarSeguidores
2015-12-05T11:48:55Z,#earthlawtribunal
2015-12-05T11:48:55Z,#Hoodslam
2015-12-05T11:48:55Z,#RIPChrisCarney
2015-12-05T11:48:55Z,#TheWiz
2015-12-05T11:48:55Z,#NationalCookieDay
2015-12-05T11:48:55Z,#BlueNeighbourhood
2015-12-05T11:48:55Z,#TwitterAwakens
2015-12-05T11:48:55Z,#ANTM
2015-12-05T11:48:55Z,#GBvsDET
2015-12-05T11:48:55Z,#MuslimApartment
2015-12-05T11:48:55Z,#TheGameAwards
2015-12-05T11:48:55Z,#NASCARawards
2015-12-05T11:48:55Z,#UndateableLive
2015-12-05T11:48:55Z,#PitMad
2015-12-05T11:48:55Z,#RDFamilyHoliday
2015-12-05T11:48:55Z,#Packers
2015-12-05T11:48:55Z,#Bellator147
2015-12-05T11:48:55Z,#KIISJingleBall
2015-12-05T11:48:55Z,#ICallDibsOn
2015-12-05T11:48:55Z,#ActionDay
2015-12-05T11:48:55Z,#SmallBizSatUK
2015-12-05T11:48:55Z,#VisionToReality
2015-12-05T11:48:55Z,Niall and Selena
2015-12-05T11:48:55Z,SATs
2015-12-05T11:48:55Z,EU Qualifier
2015-12-05T11:48:55Z,Dense Fog Advisory
2015-12-05T11:48:55Z,Page 1
2015-12-05T11:48:55Z,Duval
2015-12-05T11:48:55Z,La Habra
2015-12-05T11:48:55Z,San Bernardino
2015-12-05T11:48:55Z,Scott Weiland
2015-12-05T11:48:55Z,Greinke
2015-12-05T11:48:55Z,Hail Mary
2015-12-05T11:48:55Z,Anthony Davis
2015-12-05T11:48:55Z,Jay Z
2015-12-05T11:48:55Z,Lions
2015-12-05T11:48:55Z,Moments
2015-12-05T11:48:55Z,MSNBC
2015-12-05T11:48:55Z,Aaron Rodgers
2015-12-05T11:48:55Z,#1989TourBrisbane
2015-12-05T11:48:55Z,#CaliChristmas
2015-12-05T11:48:55Z,#N1CanalFiesta49
2015-12-05T11:48:55Z,#Caturday
2015-12-05T11:48:55Z,#KarachiVotesForMQM
2015-12-05T11:48:55Z,#unlvmbb
2015-12-05T11:48:55Z,#ChristmasShoppingAtTheMovies
2015-12-05T11:48:55Z,#splatfest
2015-12-05T11:48:55Z,#ImHornyBecause
2015-12-05T11:48:55Z,#DelhiOddEvenLogic
2015-12-05T11:48:55Z,#SabadoDeGanarSeguidores
2015-12-05T11:48:55Z,#earthlawtribunal
2015-12-05T11:48:55Z,#Hoodslam
2015-12-05T11:48:55Z,#RIPChrisCarney
2015-12-05T11:48:55Z,#TheWiz
2015-12-05T11:48:55Z,#NationalCookieDay
2015-12-05T11:48:55Z,#BlueNeighbourhood
2015-12-05T11:48:55Z,#TwitterAwakens
2015-12-05T11:48:55Z,#ANTM
2015-12-05T11:48:55Z,#GBvsDET
2015-12-05T11:48:55Z,#MuslimApartment
2015-12-05T11:48:55Z,#TheGameAwards
2015-12-05T11:48:55Z,#NASCARawards
2015-12-05T11:48:55Z,#UndateableLive
2015-12-05T11:48:55Z,#PitMad
2015-12-05T11:48:55Z,#RDFamilyHoliday
2015-12-05T11:48:55Z,#Packers
2015-12-05T11:48:55Z,#Bellator147
2015-12-05T11:58:53Z,#KIISJingleBall
2015-12-05T11:58:53Z,#ICallDibsOn
2015-12-05T11:58:53Z,#SmallBizSatUK
2015-12-05T11:58:53Z,#ActionDay
2015-12-05T11:58:53Z,#VisionToReality
2015-12-05T11:58:53Z,Bootsy Bellows
2015-12-05T11:58:53Z,SATs
2015-12-05T11:58:53Z,Niall and Selena
2015-12-05T11:58:53Z,EU Qualifier
2015-12-05T11:58:53Z,Dense Fog Advisory
2015-12-05T11:58:53Z,Page 1
2015-12-05T11:58:53Z,Duval
2015-12-05T11:58:53Z,San Bernardino
2015-12-05T11:58:53Z,Scott Weiland
2015-12-05T11:58:53Z,Greinke
2015-12-05T11:58:53Z,Hail Mary
2015-12-05T11:58:53Z,Anthony Davis
2015-12-05T11:58:53Z,Jay Z
2015-12-05T11:58:53Z,Lions
2015-12-05T11:58:53Z,Moments
2015-12-05T11:58:53Z,MSNBC
2015-12-05T11:58:53Z,Aaron Rodgers
2015-12-05T11:58:53Z,Bronco Mendenhall
2015-12-05T11:58:53Z,#1989TourBrisbane
2015-12-05T11:58:53Z,#Caturday
2015-12-05T11:58:53Z,#N1CanalFiesta49
2015-12-05T11:58:53Z,#KarachiVotesForMQM
2015-12-05T11:58:53Z,#ChristmasShoppingAtTheMovies
2015-12-05T11:58:53Z,#splatfest
2015-12-05T11:58:53Z,#DelhiOddEvenLogic
2015-12-05T11:58:53Z,#SabadoDeGanarSeguidores
2015-12-05T11:58:53Z,#earthlawtribunal
2015-12-05T11:58:53Z,#Hoodslam
2015-12-05T11:58:53Z,#RIPChrisCarney
2015-12-05T11:58:53Z,#TheWiz
2015-12-05T11:58:53Z,#NationalCookieDay
2015-12-05T11:58:53Z,#BlueNeighbourhood
2015-12-05T11:58:53Z,#TwitterAwakens
2015-12-05T11:58:53Z,#ANTM
2015-12-05T11:58:53Z,#GBvsDET
2015-12-05T11:58:53Z,#MuslimApartment
2015-12-05T11:58:53Z,#TheGameAwards
2015-12-05T11:58:53Z,#NASCARawards
2015-12-05T11:58:53Z,#UndateableLive
2015-12-05T11:58:53Z,#PitMad
2015-12-05T11:58:53Z,#RDFamilyHoliday
2015-12-05T11:58:53Z,#Packers
2015-12-05T11:58:53Z,#Bellator147
2015-12-05T11:58:53Z,#MarioWoods
2015-12-05T11:58:53Z,#CaliChristmas
2015-12-05T12:08:57Z,#ICallDibsOn
2015-12-05T12:08:57Z,#KIISJingleBall
2015-12-05T12:08:57Z,#SmallBizSatUK
2015-12-05T12:08:57Z,#ActionDay
2015-12-05T12:08:57Z,#TEDxEuston
2015-12-05T12:08:57Z,SATs
2015-12-05T12:08:57Z,Bootsy Bellows
2015-12-05T12:08:57Z,Niall and Selena
2015-12-05T12:08:57Z,EU Qualifier
2015-12-05T12:08:57Z,Dense Fog Advisory
2015-12-05T12:08:57Z,Page 1
2015-12-05T12:08:57Z,#ICallDibsOn
2015-12-05T12:08:57Z,#KIISJingleBall
2015-12-05T12:08:57Z,#SmallBizSatUK
2015-12-05T12:08:57Z,#ActionDay
2015-12-05T12:08:57Z,#TEDxEuston
2015-12-05T12:08:57Z,SATs
2015-12-05T12:08:57Z,Bootsy Bellows
2015-12-05T12:08:57Z,Niall and Selena
2015-12-05T12:08:57Z,EU Qualifier
2015-12-05T12:08:57Z,Dense Fog Advisory
2015-12-05T12:08:57Z,Page 1
2015-12-05T12:08:57Z,Padrino Lpez
2015-12-05T12:08:57Z,Duval
2015-12-05T12:08:57Z,San Bernardino
2015-12-05T12:08:57Z,Scott Weiland
2015-12-05T12:08:57Z,Greinke
2015-12-05T12:08:57Z,Hail Mary
2015-12-05T12:08:57Z,Anthony Davis
2015-12-05T12:08:57Z,Jay Z
2015-12-05T12:08:57Z,Lions
2015-12-05T12:08:57Z,Tashfeen Malik
2015-12-05T12:08:57Z,Moments
2015-12-05T12:08:57Z,MSNBC
2015-12-05T12:08:57Z,Aaron Rodgers
2015-12-05T12:08:57Z,Bronco Mendenhall
2015-12-05T12:08:57Z,#1989TourBrisbane
2015-12-05T12:08:57Z,#FelizSabado
2015-12-05T12:08:57Z,#Caturday
2015-12-05T12:08:57Z,#N1CanalFiesta49
2015-12-05T12:08:57Z,#KarachiVotesForMQM
2015-12-05T12:08:57Z,#bethechance
2015-12-05T12:08:57Z,#DelhiOddEvenLogic
2015-12-05T12:08:57Z,#ChristmasShoppingAtTheMovies
2015-12-05T12:08:57Z,#splatfest
2015-12-05T12:08:57Z,#Hoodslam
2015-12-05T12:08:57Z,#TheWiz
2015-12-05T12:08:57Z,#NationalCookieDay
2015-12-05T12:08:57Z,#BlueNeighbourhood
2015-12-05T12:08:57Z,#TwitterAwakens
2015-12-05T12:08:57Z,#ANTM
2015-12-05T12:08:57Z,#GBvsDET
2015-12-05T12:08:57Z,#MuslimApartment
2015-12-05T12:08:57Z,#NASCARawards
2015-12-05T12:08:57Z,#UndateableLive
2015-12-05T12:08:57Z,#PitMad
2015-12-05T12:08:57Z,#RDFamilyHoliday
2015-12-05T12:08:57Z,#Packers
2015-12-05T12:08:57Z,#Bellator147
2015-12-05T12:08:57Z,#MarioWoods
2015-12-05T12:08:57Z,#CaliChristmas
2015-12-05T12:18:56Z,#ICallDibsOn
2015-12-05T12:18:56Z,#KIISJingleBall
2015-12-05T12:18:56Z,#SmallBizSatUK
2015-12-05T12:18:56Z,#ActionDay
2015-12-05T12:18:56Z,SATs
2015-12-05T12:18:56Z,10 US Senators
2015-12-05T12:18:56Z,#TEDxEuston
2015-12-05T12:18:56Z,Bootsy Bellows
2015-12-05T12:18:56Z,Niall and Selena
2015-12-05T12:18:56Z,EU Qualifier
2015-12-05T12:18:56Z,Dense Fog Advisory
2015-12-05T12:18:56Z,Page 1
2015-12-05T12:18:56Z,Padrino Lpez
2015-12-05T12:18:56Z,Duval
2015-12-05T12:18:56Z,San Bernardino
2015-12-05T12:18:56Z,Scott Weiland
2015-12-05T12:18:56Z,Greinke
2015-12-05T12:18:56Z,Hail Mary
2015-12-05T12:18:56Z,Anthony Davis
2015-12-05T12:18:56Z,Jay Z
2015-12-05T12:18:56Z,Lions
2015-12-05T12:18:56Z,Tashfeen Malik
2015-12-05T12:18:56Z,Moments
2015-12-05T12:18:56Z,Aaron Rodgers
2015-12-05T12:18:56Z,Bronco Mendenhall
2015-12-05T12:18:56Z,#FelizSabado
2015-12-05T12:18:56Z,#1989TourBrisbane
2015-12-05T12:18:56Z,#bethechance
2015-12-05T12:18:56Z,#toyteam9
2015-12-05T12:18:56Z,#Caturday
2015-12-05T12:18:56Z,#N1CanalFiesta49
2015-12-05T12:18:56Z,#KarachiVotesForMQM
2015-12-05T12:18:56Z,#DelhiOddEvenLogic
2015-12-05T12:18:56Z,#ChristmasShoppingAtTheMovies
2015-12-05T12:18:56Z,#splatfest
2015-12-05T12:18:56Z,#Hoodslam
2015-12-05T12:18:56Z,#TheWiz
2015-12-05T12:18:56Z,#NationalCookieDay
2015-12-05T12:18:56Z,#BlueNeighbourhood
2015-12-05T12:18:56Z,#TwitterAwakens
2015-12-05T12:18:56Z,#ANTM
2015-12-05T12:18:56Z,#GBvsDET
2015-12-05T12:18:56Z,#MuslimApartment
2015-12-05T12:18:56Z,#NASCARawards
2015-12-05T12:18:56Z,#UndateableLive
2015-12-05T12:18:56Z,#PitMad
2015-12-05T12:18:56Z,#RDFamilyHoliday
2015-12-05T12:18:56Z,#Packers
2015-12-05T12:18:56Z,#Bellator147
2015-12-05T12:18:56Z,#MarioWoods
2015-12-05T12:29:05Z,#KIISJingleBall
2015-12-05T12:29:05Z,#ICallDibsOn
2015-12-05T12:29:05Z,#SmallBizSatUK
2015-12-05T12:29:05Z,#TEDxEuston
2015-12-05T12:29:05Z,10 US Senators
2015-12-05T12:29:05Z,SATs
2015-12-05T12:29:05Z,#ActionDay
2015-12-05T12:29:05Z,Bootsy Bellows
2015-12-05T12:29:05Z,Niall and Selena
2015-12-05T12:29:05Z,EU Qualifier
2015-12-05T12:29:05Z,Dense Fog Advisory
2015-12-05T12:29:05Z,Page 1
2015-12-05T12:29:05Z,Padrino Lpez
2015-12-05T12:29:05Z,San Bernardino
2015-12-05T12:29:05Z,Scott Weiland
2015-12-05T12:29:05Z,Greinke
2015-12-05T12:29:05Z,Hail Mary
2015-12-05T12:29:05Z,Anthony Davis
2015-12-05T12:29:05Z,Jay Z
2015-12-05T12:29:05Z,Lions
2015-12-05T12:29:05Z,Tashfeen Malik
2015-12-05T12:29:05Z,Moments
2015-12-05T12:29:05Z,Aaron Rodgers
2015-12-05T12:29:05Z,Bronco Mendenhall
2015-12-05T12:29:05Z,#FelizSabado
2015-12-05T12:29:05Z,#1989TourBrisbane
2015-12-05T12:29:05Z,#toyteam9
2015-12-05T12:29:05Z,#bethechance
2015-12-05T12:29:05Z,#Caturday
2015-12-05T12:29:05Z,#N1CanalFiesta49
2015-12-05T12:29:05Z,#StormDesmond
2015-12-05T12:29:05Z,#KarachiVotesForMQM
2015-12-05T12:29:05Z,#DelhiOddEvenLogic
2015-12-05T12:29:05Z,#ChristmasShoppingAtTheMovies
2015-12-05T12:29:05Z,#CupBoundAndDown
2015-12-05T12:29:05Z,#splatfest
2015-12-05T12:29:05Z,#Hoodslam
2015-12-05T12:29:05Z,#TheWiz
2015-12-05T12:29:05Z,#NationalCookieDay
2015-12-05T12:29:05Z,#BlueNeighbourhood
2015-12-05T12:29:05Z,#TwitterAwakens
2015-12-05T12:29:05Z,#ANTM
2015-12-05T12:29:05Z,#GBvsDET
2015-12-05T12:29:05Z,#MuslimApartment
2015-12-05T12:29:05Z,#NASCARawards
2015-12-05T12:29:05Z,#UndateableLive
2015-12-05T12:29:05Z,#PitMad
2015-12-05T12:29:05Z,#RDFamilyHoliday
2015-12-05T12:29:05Z,#Bellator147
2015-12-05T12:29:05Z,#MarioWoods
2015-12-05T12:39:00Z,#ICallDibsOn
2015-12-05T12:39:00Z,#KIISJingleBall
2015-12-05T12:39:00Z,#SmallBizSatUK
2015-12-05T12:39:00Z,#TEDxEuston
2015-12-05T12:39:00Z,#ActionDay
2015-12-05T12:39:00Z,SATs
2015-12-05T12:39:00Z,10 US Senators
2015-12-05T12:39:00Z,Bootsy Bellows
2015-12-05T12:39:00Z,EU Qualifier
2015-12-05T12:39:00Z,Dense Fog Advisory
2015-12-05T12:39:00Z,Page 1
2015-12-05T12:39:00Z,Padrino Lpez
2015-12-05T12:39:00Z,San Bernardino
2015-12-05T12:39:00Z,Scott Weiland
2015-12-05T12:39:00Z,Greinke
2015-12-05T12:39:00Z,Hail Mary
2015-12-05T12:39:00Z,Anthony Davis
2015-12-05T12:39:00Z,Jay Z
2015-12-05T12:39:00Z,Lions
2015-12-05T12:39:00Z,Tashfeen Malik
2015-12-05T12:39:00Z,Moments
2015-12-05T12:39:00Z,Aaron Rodgers
2015-12-05T12:39:00Z,#FelizSabado
2015-12-05T12:39:00Z,#NEWSCENTERcoats4kids
2015-12-05T12:39:00Z,#ToyTeam9
2015-12-05T12:39:00Z,#1989TourBrisbane
2015-12-05T12:39:00Z,#bethechance
2015-12-05T12:39:00Z,#Caturday
2015-12-05T12:39:00Z,#N1CanalFiesta49
2015-12-05T12:39:00Z,#StormDesmond
2015-12-05T12:39:00Z,#KarachiVotesForMQM
2015-12-05T12:39:00Z,#CupBoundAndDown
2015-12-05T12:39:00Z,#DelhiOddEvenLogic
2015-12-05T12:39:00Z,#ChristmasShoppingAtTheMovies
2015-12-05T12:39:00Z,#splatfest
2015-12-05T12:39:00Z,#BeatIowa
2015-12-05T12:39:00Z,#Hoodslam
2015-12-05T12:39:00Z,#TheWiz
2015-12-05T12:39:00Z,#NationalCookieDay
2015-12-05T12:39:00Z,#BlueNeighbourhood
2015-12-05T12:39:00Z,#TwitterAwakens
2015-12-05T12:39:00Z,#ANTM
2015-12-05T12:39:00Z,#GBvsDET
2015-12-05T12:39:00Z,#MuslimApartment
2015-12-05T12:39:00Z,#NASCARawards
2015-12-05T12:39:00Z,#UndateableLive
2015-12-05T12:39:00Z,#PitMad
2015-12-05T12:39:00Z,#RDFamilyHoliday
2015-12-05T12:39:00Z,#Bellator147
2015-12-05T12:39:00Z,#MarioWoods
2015-12-05T12:49:04Z,#satchat
2015-12-05T12:49:04Z,#ICallDibsOn
2015-12-05T12:49:04Z,#KIISJingleBall
2015-12-05T12:49:04Z,SATs
2015-12-05T12:49:04Z,#ToyTeam9
2015-12-05T12:49:04Z,#SmallBizSatUK
2015-12-05T12:49:04Z,10 US Senators
2015-12-05T12:49:04Z,Bootsy Bellows
2015-12-05T12:49:04Z,Good Saturday
2015-12-05T12:49:04Z,EU Qualifier
2015-12-05T12:49:04Z,Dense Fog Advisory
2015-12-05T12:49:04Z,Page 1
2015-12-05T12:49:04Z,Padrino Lpez
2015-12-05T12:49:04Z,San Bernardino
2015-12-05T12:49:04Z,Scott Weiland
2015-12-05T12:49:04Z,Greinke
2015-12-05T12:49:04Z,Hail Mary
2015-12-05T12:49:04Z,Anthony Davis
2015-12-05T12:49:04Z,Jay Z
2015-12-05T12:49:04Z,Lions
2015-12-05T12:49:04Z,Tashfeen Malik
2015-12-05T12:49:04Z,Moments
2015-12-05T12:49:04Z,Aaron Rodgers
2015-12-05T12:49:04Z,#ActionDay
2015-12-05T12:49:04Z,#TEDxEuston
2015-12-05T12:49:04Z,#FelizSabado
2015-12-05T12:49:04Z,#NEWSCENTERcoats4kids
2015-12-05T12:49:04Z,#1989TourBrisbane
2015-12-05T12:49:04Z,#bethechance
2015-12-05T12:49:04Z,#walkthebridge
2015-12-05T12:49:04Z,#N1CanalFiesta49
2015-12-05T12:49:04Z,#StormDesmond
2015-12-05T12:49:04Z,#KarachiVotesForMQM
2015-12-05T12:49:04Z,#CupBoundAndDown
2015-12-05T12:49:04Z,#DelhiOddEvenLogic
2015-12-05T12:49:04Z,#splatfest
2015-12-05T12:49:04Z,#BeatIowa
2015-12-05T12:49:04Z,#Hoodslam
2015-12-05T12:49:04Z,#TheWiz
2015-12-05T12:49:04Z,#NationalCookieDay
2015-12-05T12:49:04Z,#BlueNeighbourhood
2015-12-05T12:49:04Z,#TwitterAwakens
2015-12-05T12:49:04Z,#ANTM
2015-12-05T12:49:04Z,#MuslimApartment
2015-12-05T12:49:04Z,#NASCARawards
2015-12-05T12:49:04Z,#UndateableLive
2015-12-05T12:49:04Z,#PitMad
2015-12-05T12:49:04Z,#FlashbackFriday
2015-12-05T12:49:04Z,#RDFamilyHoliday
2015-12-05T12:49:04Z,#Bellator147
2015-12-05T12:59:03Z,#satchat
2015-12-05T12:59:03Z,#ICallDibsOn
2015-12-05T12:59:03Z,#KIISJingleBall
2015-12-05T12:59:03Z,#ToyTeam9
2015-12-05T12:59:03Z,SATs
2015-12-05T12:59:03Z,#SmallBizSatUK
2015-12-05T12:59:03Z,10 US Senators
2015-12-05T12:59:03Z,Good Saturday
2015-12-05T12:59:03Z,Bootsy Bellows
2015-12-05T12:59:03Z,Page 1
2015-12-05T12:59:03Z,Dense Fog Advisory
2015-12-05T12:59:03Z,EU Qualifier
2015-12-05T12:59:03Z,Padrino Lpez
2015-12-05T12:59:03Z,San Bernardino
2015-12-05T12:59:03Z,Scott Weiland
2015-12-05T12:59:03Z,Greinke
2015-12-05T12:59:03Z,Hail Mary
2015-12-05T12:59:03Z,Anthony Davis
2015-12-05T12:59:03Z,Jay Z
2015-12-05T12:59:03Z,Lions
2015-12-05T12:59:03Z,#TEDxEuston
2015-12-05T12:59:03Z,#ActionDay
2015-12-05T12:59:03Z,#FelizSabado
2015-12-05T12:59:03Z,#NEWSCENTERcoats4kids
2015-12-05T12:59:03Z,#1989TourBrisbane
2015-12-05T12:59:03Z,#BPLonNBC
2015-12-05T12:59:03Z,#walkthebridge
2015-12-05T12:59:03Z,#bethechance
2015-12-05T12:59:03Z,#97XNBT
2015-12-05T12:59:03Z,#CupBoundAndDown
2015-12-05T12:59:03Z,#N1CanalFiesta49
2015-12-05T12:59:03Z,#StormDesmond
2015-12-05T12:59:03Z,#KarachiVotesForMQM
2015-12-05T12:59:03Z,#SabadoDeGanarSeguidores
2015-12-05T12:59:03Z,#IMFASH15
2015-12-05T12:59:03Z,#DelhiOddEvenLogic
2015-12-05T12:59:03Z,#splatfest
2015-12-05T12:59:03Z,#TNF50
2015-12-05T12:59:03Z,#BeatIowa
2015-12-05T12:59:03Z,#TheWiz
2015-12-05T12:59:03Z,#NationalCookieDay
2015-12-05T12:59:03Z,#BlueNeighbourhood
2015-12-05T12:59:03Z,#TwitterAwakens
2015-12-05T12:59:03Z,#ANTM
2015-12-05T12:59:03Z,#NASCARawards
2015-12-05T12:59:03Z,#UndateableLive
2015-12-05T12:59:03Z,#PitMad
2015-12-05T12:59:03Z,#FlashbackFriday
2015-12-05T12:59:03Z,#RDFamilyHoliday
2015-12-05T12:59:03Z,#MomentoDeActuar
2015-12-05T13:04:11Z,#satchat
2015-12-05T13:04:11Z,#ICallDibsOn
2015-12-05T13:04:11Z,#KIISJingleBall
2015-12-05T13:04:11Z,#ToyTeam9
2015-12-05T13:04:11Z,SATs
2015-12-05T13:04:11Z,#NEWSCENTERCoats4Kids
2015-12-05T13:04:11Z,Shaqiri
2015-12-05T13:04:11Z,Stoke City
2015-12-05T13:04:11Z,10 US Senators
2015-12-05T13:04:11Z,Good Saturday
2015-12-05T13:04:11Z,Bootsy Bellows
2015-12-05T13:04:11Z,Page 1
2015-12-05T13:04:11Z,Dense Fog Advisory
2015-12-05T13:04:11Z,EU Qualifier
2015-12-05T13:04:11Z,Padrino Lpez
2015-12-05T13:04:11Z,San Bernardino
2015-12-05T13:04:11Z,Scott Weiland
2015-12-05T13:04:11Z,Greinke
2015-12-05T13:04:11Z,Hail Mary
2015-12-05T13:04:11Z,Anthony Davis
2015-12-05T13:04:11Z,Jay Z
2015-12-05T13:04:11Z,Lions
2015-12-05T13:04:11Z,#FelizSabado
2015-12-05T13:04:11Z,#SmallBizSatUK
2015-12-05T13:04:11Z,#TEDxEuston
2015-12-05T13:04:11Z,#ActionDay
2015-12-05T13:04:11Z,#1989TourBrisbane
2015-12-05T13:04:11Z,#ASH15
2015-12-05T13:04:11Z,#BPLonNBC
2015-12-05T13:04:11Z,#walkthebridge
2015-12-05T13:04:11Z,#StormDesmond
2015-12-05T13:04:11Z,#bethechance
2015-12-05T13:04:11Z,#CupBoundAndDown
2015-12-05T13:04:11Z,#97XNBT
2015-12-05T13:04:11Z,#SabadoDeGanarSeguidores
2015-12-05T13:04:11Z,#N1CanalFiesta49
2015-12-05T13:04:11Z,#KarachiVotesForMQM
2015-12-05T13:04:11Z,#DelhiOddEvenLogic
2015-12-05T13:04:11Z,#splatfest
2015-12-05T13:04:11Z,#TNF50
2015-12-05T13:04:11Z,#BeatIowa
2015-12-05T13:04:11Z,#TheWiz
2015-12-05T13:04:11Z,#NationalCookieDay
2015-12-05T13:04:11Z,#BlueNeighbourhood
2015-12-05T13:04:11Z,#TwitterAwakens
2015-12-05T13:04:11Z,#ANTM
2015-12-05T13:04:11Z,#NASCARawards
2015-12-05T13:04:11Z,#UndateableLive
2015-12-05T13:04:11Z,#PitMad
2015-12-05T13:04:11Z,#FlashbackFriday
2015-12-05T13:19:08Z,#satchat
2015-12-05T13:19:08Z,Stoke
2015-12-05T13:19:08Z,Shaqiri
2015-12-05T13:19:08Z,#ICallDibsOn
2015-12-05T13:19:08Z,#ToyTeam9
2015-12-05T13:19:08Z,#STKMCI
2015-12-05T13:19:08Z,#NEWSCENTERCoats4Kids
2015-12-05T13:19:08Z,SATs
2015-12-05T13:19:08Z,Good Saturday
2015-12-05T13:19:08Z,10 US Senators
2015-12-05T13:19:08Z,Dense Fog Advisory
2015-12-05T13:19:08Z,Page 1
2015-12-05T13:19:08Z,EU Qualifier
2015-12-05T13:19:08Z,Padrino Lpez
2015-12-05T13:19:08Z,San Bernardino
2015-12-05T13:19:08Z,Scott Weiland
2015-12-05T13:19:08Z,Greinke
2015-12-05T13:19:08Z,Hail Mary
2015-12-05T13:19:08Z,Anthony Davis
2015-12-05T13:19:08Z,#FelizSabado
2015-12-05T13:19:08Z,#SmallBizSatUK
2015-12-05T13:19:08Z,#TEDxEuston
2015-12-05T13:19:08Z,#ActionDay
2015-12-05T13:19:08Z,#1989TourBrisbane
2015-12-05T13:19:08Z,#walkthebridge
2015-12-05T13:19:08Z,#BPLonNBC
2015-12-05T13:19:08Z,#ASH15
2015-12-05T13:19:08Z,#StarWarsEvent
2015-12-05T13:19:08Z,#Dubai7s
2015-12-05T13:19:08Z,#StormDesmond
2015-12-05T13:19:08Z,#bethechance
2015-12-05T13:19:08Z,#CupBoundAndDown
2015-12-05T13:19:08Z,#97XNBT
2015-12-05T13:19:08Z,#ACCChampionship
2015-12-05T13:19:08Z,#SabadoDeGanarSeguidores
2015-12-05T13:19:08Z,#N1CanalFiesta49
2015-12-05T13:19:08Z,#SicUT
2015-12-05T13:19:08Z,#DelhiOddEvenLogic
2015-12-05T13:19:08Z,#splatfest
2015-12-05T13:19:08Z,#AFCvSFC
2015-12-05T13:19:08Z,#TNF50
2015-12-05T13:19:08Z,#BeatIowa
2015-12-05T13:19:08Z,#TheWiz
2015-12-05T13:19:08Z,#NationalCookieDay
2015-12-05T13:19:08Z,#KIISJingleBall
2015-12-05T13:19:08Z,#BlueNeighbourhood
2015-12-05T13:19:08Z,#ANTM
2015-12-05T13:19:08Z,#NASCARawards
2015-12-05T13:19:08Z,#UndateableLive
2015-12-05T13:19:08Z,#PitMad
2015-12-05T13:29:16Z,#satchat
2015-12-05T13:29:16Z,Stoke
2015-12-05T13:29:16Z,#ICallDibsOn
2015-12-05T13:29:16Z,Shaqiri
2015-12-05T13:29:16Z,#ToyTeam9
2015-12-05T13:29:16Z,#NEWSCENTERCoats4Kids
2015-12-05T13:29:16Z,#FelizSabado
2015-12-05T13:29:16Z,SATs
2015-12-05T13:29:16Z,Arnautovic
2015-12-05T13:29:16Z,Good Saturday
2015-12-05T13:29:16Z,10 US Senators
2015-12-05T13:29:16Z,The Gun Epidemic
2015-12-05T13:29:16Z,Dense Fog Advisory
2015-12-05T13:29:16Z,EU Qualifier
2015-12-05T13:29:16Z,Little Richard
2015-12-05T13:29:16Z,Niall and Selena
2015-12-05T13:29:16Z,Padrino Lpez
2015-12-05T13:29:16Z,San Bernardino
2015-12-05T13:29:16Z,Scott Weiland
2015-12-05T13:29:16Z,Greinke
2015-12-05T13:29:16Z,#1989TourBrisbane
2015-12-05T13:29:16Z,#coreadvocates
2015-12-05T13:29:16Z,#SmallBizSatUK
2015-12-05T13:29:16Z,#walkthebridge
2015-12-05T13:29:16Z,#TEDxEuston
2015-12-05T13:29:16Z,#ActionDay
2015-12-05T13:29:16Z,#ASH15
2015-12-05T13:29:16Z,#StarWarsEvent
2015-12-05T13:29:16Z,#Fox29GoodDay
2015-12-05T13:29:16Z,#Dubai7s
2015-12-05T13:29:16Z,#StormDesmond
2015-12-05T13:29:16Z,#bethechance
2015-12-05T13:29:16Z,#JingleBellJog
2015-12-05T13:29:16Z,#SicUT
2015-12-05T13:29:16Z,#CupBoundAndDown
2015-12-05T13:29:16Z,#ACCChampionship
2015-12-05T13:29:16Z,#97XNBT
2015-12-05T13:29:16Z,#SabadoDeGanarSeguidores
2015-12-05T13:29:16Z,#N1CanalFiesta49
2015-12-05T13:29:16Z,#DelhiOddEvenLogic
2015-12-05T13:29:16Z,#splatfest
2015-12-05T13:29:16Z,#AFCvSFC
2015-12-05T13:29:16Z,#TNF50
2015-12-05T13:29:16Z,#BeatIowa
2015-12-05T13:29:16Z,#TheWiz
2015-12-05T13:29:16Z,#NationalCookieDay
2015-12-05T13:29:16Z,#KIISJingleBall
2015-12-05T13:29:16Z,#BlueNeighbourhood
2015-12-05T13:29:16Z,#ANTM
2015-12-05T13:29:16Z,#NASCARawards
2015-12-05T13:39:18Z,#satchat
2015-12-05T13:39:18Z,Stoke
2015-12-05T13:39:18Z,#ICallDibsOn
2015-12-05T13:39:18Z,Shaqiri
2015-12-05T13:39:18Z,#ToyTeam9
2015-12-05T13:39:18Z,#NEWSCENTERcoats4kids
2015-12-05T13:39:18Z,#1989TourBrisbane
2015-12-05T13:39:18Z,Arnautovic
2015-12-05T13:39:18Z,SATs
2015-12-05T13:39:18Z,Good Saturday
2015-12-05T13:39:18Z,10 US Senators
2015-12-05T13:39:18Z,The Gun Epidemic
2015-12-05T13:39:18Z,Dense Fog Advisory
2015-12-05T13:39:18Z,EU Qualifier
2015-12-05T13:39:18Z,Little Richard
2015-12-05T13:39:18Z,Niall and Selena
2015-12-05T13:39:18Z,Padrino Lpez
2015-12-05T13:39:18Z,#BernieFlicks
2015-12-05T13:39:18Z,#FelizSabado
2015-12-05T13:39:18Z,#ASH15
2015-12-05T13:39:18Z,#coreadvocates
2015-12-05T13:39:18Z,#SmallBizSatUK
2015-12-05T13:39:18Z,#walkthebridge
2015-12-05T13:39:18Z,#ActionDay
2015-12-05T13:39:18Z,#SCFC
2015-12-05T13:39:18Z,#A33MesesDeTuSiembraComandante
2015-12-05T13:39:18Z,#StarWarsEvent
2015-12-05T13:39:18Z,#TEDxEuston
2015-12-05T13:39:18Z,#Fox29GoodDay
2015-12-05T13:39:18Z,#SavBridgeRun
2015-12-05T13:39:18Z,#Dubai7s
2015-12-05T13:39:18Z,#collegegameday
2015-12-05T13:39:18Z,#SicUT
2015-12-05T13:39:18Z,#JingleBellJog
2015-12-05T13:39:18Z,#ACCChampionship
2015-12-05T13:39:18Z,#StormDesmond
2015-12-05T13:39:18Z,#CupBoundAndDown
2015-12-05T13:39:18Z,#97XNBT
2015-12-05T13:39:18Z,#bethechance
2015-12-05T13:39:18Z,#RoadToGillette
2015-12-05T13:39:18Z,#SabadoDeGanarSeguidores
2015-12-05T13:39:18Z,#N1CanalFiesta49
2015-12-05T13:39:18Z,#BeatBama
2015-12-05T13:39:18Z,#TeletonSomosTodos
2015-12-05T13:39:18Z,#actioncounts
2015-12-05T13:39:18Z,#DelhiOddEvenLogic
2015-12-05T13:39:18Z,#Mosul
2015-12-05T13:39:18Z,#splatfest
2015-12-05T13:39:18Z,#AFCvSFC
2015-12-05T13:39:18Z,#TNF50
2015-12-05T13:44:12Z,#satchat
2015-12-05T13:44:12Z,Stoke
2015-12-05T13:44:12Z,#ICallDibsOn
2015-12-05T13:44:12Z,Shaqiri
2015-12-05T13:44:12Z,#ToyTeam9
2015-12-05T13:44:12Z,#NEWSCENTERcoats4kids
2015-12-05T13:44:12Z,#ASH15
2015-12-05T13:44:12Z,SATs
2015-12-05T13:44:12Z,10 US Senators
2015-12-05T13:44:12Z,The Gun Epidemic
2015-12-05T13:44:12Z,Dense Fog Advisory
2015-12-05T13:44:12Z,EU Qualifier
2015-12-05T13:44:12Z,Little Richard
2015-12-05T13:44:12Z,Anti-Muslim Rhetoric
2015-12-05T13:44:12Z,Niall and Selena
2015-12-05T13:44:12Z,#1989TourBrisbane
2015-12-05T13:44:12Z,#BernieFlicks
2015-12-05T13:44:12Z,#FelizSabado
2015-12-05T13:44:12Z,#Caturday
2015-12-05T13:44:12Z,#walkthebridge
2015-12-05T13:44:12Z,#coreadvocates
2015-12-05T13:44:12Z,#A33MesesDeTuSiembraComandante
2015-12-05T13:44:12Z,#SmallBizSatUK
2015-12-05T13:44:12Z,#SCFC
2015-12-05T13:44:12Z,#StarWarsEvent
2015-12-05T13:44:12Z,#ActionDay
2015-12-05T13:44:12Z,#BPLonNBC
2015-12-05T13:44:12Z,#VisionToReality
2015-12-05T13:44:12Z,#Fox29GoodDay
2015-12-05T13:44:12Z,#SicUT
2015-12-05T13:44:12Z,#JingleBellJog
2015-12-05T13:44:12Z,#SavBridgeRun
2015-12-05T13:44:12Z,#Dubai7s
2015-12-05T13:44:12Z,#collegegameday
2015-12-05T13:44:12Z,#ACCChampionship
2015-12-05T13:44:12Z,#bethechance
2015-12-05T13:44:12Z,#StormDesmond
2015-12-05T13:44:12Z,#CupBoundAndDown
2015-12-05T13:44:12Z,#97XNBT
2015-12-05T13:44:12Z,#TeletonSomosTodos
2015-12-05T13:44:12Z,#RoadToGillette
2015-12-05T13:44:12Z,#SabadoDeGanarSeguidores
2015-12-05T13:44:12Z,#N1CanalFiesta49
2015-12-05T13:44:12Z,#BeatBama
2015-12-05T13:44:12Z,#CrossFitInvitational
2015-12-05T13:44:12Z,#actioncounts
2015-12-05T13:44:12Z,#Mosul
2015-12-05T13:44:12Z,#DelhiOddEvenLogic
2015-12-05T13:44:12Z,#splatfest
2015-12-05T13:44:12Z,#AFCvSFC
2015-12-05T13:59:22Z,#satchat
2015-12-05T13:59:22Z,Stoke
2015-12-05T13:59:22Z,#ICallDibsOn
2015-12-05T13:59:22Z,Shaqiri
2015-12-05T13:59:22Z,#ToyTeam9
2015-12-05T13:59:22Z,#NEWSCENTERcoats4kids
2015-12-05T13:59:22Z,#ASH15
2015-12-05T13:59:22Z,West Miami
2015-12-05T13:59:22Z,Championship Saturday
2015-12-05T13:59:22Z,SATs
2015-12-05T13:59:22Z,10 US Senators
2015-12-05T13:59:22Z,The Gun Epidemic
2015-12-05T13:59:22Z,Dense Fog Advisory
2015-12-05T13:59:22Z,EU Qualifier
2015-12-05T13:59:22Z,Anti-Muslim Rhetoric
2015-12-05T13:59:22Z,Little Richard
2015-12-05T13:59:22Z,Niall and Selena
2015-12-05T13:59:22Z,#BernieFlicks
2015-12-05T13:59:22Z,#walkthebridge
2015-12-05T13:59:22Z,#1989TourBrisbane
2015-12-05T13:59:22Z,#ActionDay
2015-12-05T13:59:22Z,#FelizSabado
2015-12-05T13:59:22Z,#SmallBizSatUK
2015-12-05T13:59:22Z,#A33MesesDeTuSiembraComandante
2015-12-05T13:59:22Z,#coreadvocates
2015-12-05T13:59:22Z,#StarWarsEvent
2015-12-05T13:59:22Z,#healthxph
2015-12-05T13:59:22Z,#TEDxEuston
2015-12-05T13:59:22Z,#BPLonNBC
2015-12-05T13:59:22Z,#SicUT
2015-12-05T13:59:22Z,#Fox29GoodDay
2015-12-05T13:59:22Z,#JingleBellJog
2015-12-05T13:59:22Z,#CupBoundAndDown
2015-12-05T13:59:22Z,#LaProximaEnmienda
2015-12-05T13:59:22Z,#Dubai7s
2015-12-05T13:59:22Z,#collegegameday
2015-12-05T13:59:22Z,#GGMU
2015-12-05T13:59:22Z,#bethechance
2015-12-05T13:59:22Z,#StormDesmond
2015-12-05T13:59:22Z,#CrossFitInvitational
2015-12-05T13:59:22Z,#97XNBT
2015-12-05T13:59:22Z,#BeatIowa
2015-12-05T13:59:22Z,#TeletonSomosTodos
2015-12-05T13:59:22Z,#RoadToGillette
2015-12-05T13:59:22Z,#SabadoDeGanarSeguidores
2015-12-05T13:59:22Z,#N1CanalFiesta49
2015-12-05T13:59:22Z,#actioncounts
2015-12-05T13:59:22Z,#Mosul
2015-12-05T13:59:22Z,#DelhiOddEvenLogic
2015-12-05T13:59:22Z,#splatfest
2015-12-05T14:09:30Z,#satchat
2015-12-05T14:09:30Z,Stoke
2015-12-05T14:09:30Z,#ICallDibsOn
2015-12-05T14:09:30Z,Shaqiri
2015-12-05T14:09:30Z,#ToyTeam9
2015-12-05T14:09:30Z,#STKMCI
2015-12-05T14:09:30Z,#NEWSCENTERcoats4kids
2015-12-05T14:09:30Z,West Miami
2015-12-05T14:09:30Z,Championship Saturday
2015-12-05T14:09:30Z,SATs
2015-12-05T14:09:30Z,Bony
2015-12-05T14:09:30Z,10 US Senators
2015-12-05T14:09:30Z,Our Selves
2015-12-05T14:09:30Z,Dense Fog Advisory
2015-12-05T14:09:30Z,EU Qualifier
2015-12-05T14:09:30Z,#AsUsefulAsALeadBalloon
2015-12-05T14:09:30Z,#BernieFlicks
2015-12-05T14:09:30Z,#ASH15
2015-12-05T14:09:30Z,#walkthebridge
2015-12-05T14:09:30Z,#ActionDay
2015-12-05T14:09:30Z,#StarWarsEvent
2015-12-05T14:09:30Z,#A33MesesDeTuSiembraComandante
2015-12-05T14:09:30Z,#FelizSabado
2015-12-05T14:09:30Z,#SmallBizSatUK
2015-12-05T14:09:30Z,#coreadvocates
2015-12-05T14:09:30Z,#1989TourBrisbane
2015-12-05T14:09:30Z,#healthxph
2015-12-05T14:09:30Z,#BPLonNBC
2015-12-05T14:09:30Z,#TEDxEuston
2015-12-05T14:09:30Z,#SavBridgeRun
2015-12-05T14:09:30Z,#SicUT
2015-12-05T14:09:30Z,#JingleBellJog
2015-12-05T14:09:30Z,#Fox29GoodDay
2015-12-05T14:09:30Z,#LaProximaEnmienda
2015-12-05T14:09:30Z,#collegegameday
2015-12-05T14:09:30Z,#CupBoundAndDown
2015-12-05T14:09:30Z,#Dubai7s
2015-12-05T14:09:30Z,#BeatIowa
2015-12-05T14:09:30Z,#GGMU
2015-12-05T14:09:30Z,#bethechance
2015-12-05T14:09:30Z,#TNF50
2015-12-05T14:09:30Z,#RoadToGillette
2015-12-05T14:09:30Z,#StormDesmond
2015-12-05T14:09:30Z,#CrossFitInvitational
2015-12-05T14:09:30Z,#97XNBT
2015-12-05T14:09:30Z,#InternationalVolunteerDay
2015-12-05T14:09:30Z,#TeletonSomosTodos
2015-12-05T14:09:30Z,#SabadoDeGanarSeguidores
2015-12-05T14:09:30Z,#N1CanalFiesta49
2015-12-05T14:09:30Z,#actioncounts
2015-12-05T14:14:21Z,#satchat
2015-12-05T14:14:21Z,Stoke
2015-12-05T14:14:21Z,#AsUsefulAsALeadBalloon
2015-12-05T14:14:21Z,#ICallDibsOn
2015-12-05T14:14:21Z,Shaqiri
2015-12-05T14:14:21Z,#ToyTeam9
2015-12-05T14:14:21Z,#BernieFlicks
2015-12-05T14:14:21Z,West Miami
2015-12-05T14:14:21Z,Championship Saturday
2015-12-05T14:14:21Z,SATs
2015-12-05T14:14:21Z,Bony
2015-12-05T14:14:21Z,10 US Senators
2015-12-05T14:14:21Z,Our Selves
2015-12-05T14:14:21Z,Fellaini
2015-12-05T14:14:21Z,Torino
2015-12-05T14:14:21Z,Dense Fog Advisory
2015-12-05T14:14:21Z,Getafe
2015-12-05T14:14:21Z,EU Qualifier
2015-12-05T14:14:21Z,#STKMCI
2015-12-05T14:14:21Z,#NEWSCENTERcoats4kids
2015-12-05T14:14:21Z,#walkthebridge
2015-12-05T14:14:21Z,#ASH15
2015-12-05T14:14:21Z,#A33MesesDeTuSiembraComandante
2015-12-05T14:14:21Z,#ActionDay
2015-12-05T14:14:21Z,#StarWarsEvent
2015-12-05T14:14:21Z,#FelizSabado
2015-12-05T14:14:21Z,#SmallBizSatUK
2015-12-05T14:14:21Z,#1989TourBrisbane
2015-12-05T14:14:21Z,#coreadvocates
2015-12-05T14:14:21Z,#healthxph
2015-12-05T14:14:21Z,#BPLonNBC
2015-12-05T14:14:21Z,#TEDxEuston
2015-12-05T14:14:21Z,#SavBridgeRun
2015-12-05T14:14:21Z,#SicUT
2015-12-05T14:14:21Z,#JingleBellJog
2015-12-05T14:14:21Z,#collegegameday
2015-12-05T14:14:21Z,#avfc
2015-12-05T14:14:21Z,#CupBoundAndDown
2015-12-05T14:14:21Z,#Fox29GoodDay
2015-12-05T14:14:21Z,#LaProximaEnmienda
2015-12-05T14:14:21Z,#TNF50
2015-12-05T14:14:21Z,#Dubai7s
2015-12-05T14:14:21Z,#GGMU
2015-12-05T14:14:21Z,#StormDesmond
2015-12-05T14:14:21Z,#bethechance
2015-12-05T14:14:21Z,#RoadToGillette
2015-12-05T14:14:21Z,#CrossFitInvitational
2015-12-05T14:14:21Z,#97XNBT
2015-12-05T14:14:21Z,#InternationalVolunteerDay
2015-12-05T14:14:21Z,#COYG
2015-12-05T14:24:36Z,#satchat
2015-12-05T14:24:36Z,Stoke
2015-12-05T14:24:36Z,#AsUsefulAsALeadBalloon
2015-12-05T14:24:36Z,Man City
2015-12-05T14:24:36Z,#ICallDibsOn
2015-12-05T14:24:36Z,Shaqiri
2015-12-05T14:24:36Z,#ToyTeam9
2015-12-05T14:24:36Z,#BernieFlicks
2015-12-05T14:24:36Z,Championship Saturday
2015-12-05T14:24:36Z,West Miami
2015-12-05T14:24:36Z,Arnautovic
2015-12-05T14:24:36Z,Bojan
2015-12-05T14:24:36Z,SATs
2015-12-05T14:24:36Z,Bony
2015-12-05T14:24:36Z,10 US Senators
2015-12-05T14:24:36Z,Fellaini
2015-12-05T14:24:36Z,Torino
2015-12-05T14:24:36Z,Page 1
2015-12-05T14:24:36Z,Getafe
2015-12-05T14:24:36Z,#NEWSCENTERcoats4kids
2015-12-05T14:24:36Z,#A33MesesDeTuSiembraComandante
2015-12-05T14:24:36Z,#walkthebridge
2015-12-05T14:24:36Z,#SCFC
2015-12-05T14:24:36Z,#HomeMadeSimple
2015-12-05T14:24:36Z,#ActionDay
2015-12-05T14:24:36Z,#SmallBizSatUK
2015-12-05T14:24:36Z,#StarWarsEvent
2015-12-05T14:24:36Z,#nt2t
2015-12-05T14:24:36Z,#ASH15
2015-12-05T14:24:36Z,#1989TourBrisbane
2015-12-05T14:24:36Z,#FelizSabado
2015-12-05T14:24:36Z,#coreadvocates
2015-12-05T14:24:36Z,#healthxph
2015-12-05T14:24:36Z,#TEDxEuston
2015-12-05T14:24:36Z,#SavBridgeRun
2015-12-05T14:24:36Z,#WTI15
2015-12-05T14:24:36Z,#SicUT
2015-12-05T14:24:36Z,#Fox29GoodDay
2015-12-05T14:24:36Z,#JingleBellJog
2015-12-05T14:24:36Z,#collegegameday
2015-12-05T14:24:36Z,#TNF50
2015-12-05T14:24:36Z,#avfc
2015-12-05T14:24:36Z,#CupBoundAndDown
2015-12-05T14:24:36Z,#BeatFlorida
2015-12-05T14:24:36Z,#BeatBama
2015-12-05T14:24:36Z,#LaProximaEnmienda
2015-12-05T14:24:36Z,#RepealDay
2015-12-05T14:24:36Z,#AFCvSFC
2015-12-05T14:24:36Z,#StormDesmond
2015-12-05T14:24:36Z,#Dubai7s
2015-12-05T14:34:41Z,#satchat
2015-12-05T14:34:41Z,Stoke
2015-12-05T14:34:41Z,#AsUsefulAsALeadBalloon
2015-12-05T14:34:41Z,Man City
2015-12-05T14:34:41Z,#BernieFlicks
2015-12-05T14:34:41Z,#toyteam9
2015-12-05T14:34:41Z,Shaqiri
2015-12-05T14:34:41Z,#ICallDibsOn
2015-12-05T14:34:41Z,Championship Saturday
2015-12-05T14:34:41Z,West Miami
2015-12-05T14:34:41Z,Arnautovic
2015-12-05T14:34:41Z,Bojan
2015-12-05T14:34:41Z,Bony
2015-12-05T14:34:41Z,Breakfast with Santa
2015-12-05T14:34:41Z,10 US Senators
2015-12-05T14:34:41Z,SATs
2015-12-05T14:34:41Z,Fear Ignorance
2015-12-05T14:34:41Z,Fellaini
2015-12-05T14:34:41Z,Torino
2015-12-05T14:34:41Z,#NEWSCENTERcoats4kids
2015-12-05T14:34:41Z,#nt2t
2015-12-05T14:34:41Z,#A33MesesDeTuSiembraComandante
2015-12-05T14:34:41Z,#SCFC
2015-12-05T14:34:41Z,#HomeMadeSimple
2015-12-05T14:34:41Z,#walkthebridge
2015-12-05T14:34:41Z,#ActionDay
2015-12-05T14:34:41Z,#ASH15
2015-12-05T14:34:41Z,#SmallBizSatUK
2015-12-05T14:34:41Z,#FelizSabado
2015-12-05T14:34:41Z,#StarWarsEvent
2015-12-05T14:34:41Z,#coreadvocates
2015-12-05T14:34:41Z,#collegegameday
2015-12-05T14:34:41Z,#BPLonNBC
2015-12-05T14:34:41Z,#1989TourBrisbane
2015-12-05T14:34:41Z,#healthxph
2015-12-05T14:34:41Z,#TEDxEuston
2015-12-05T14:34:41Z,#SavBridgeRun
2015-12-05T14:34:41Z,#saturdaylibrarian
2015-12-05T14:34:41Z,#Fox29GoodDay
2015-12-05T14:34:41Z,#avfc
2015-12-05T14:34:41Z,#RepealDay
2015-12-05T14:34:41Z,#SicUT
2015-12-05T14:34:41Z,#CHOAparade
2015-12-05T14:34:41Z,#JingleBellJog
2015-12-05T14:34:41Z,#BeatBama
2015-12-05T14:34:41Z,#BeatFlorida
2015-12-05T14:34:41Z,#LaProximaEnmienda
2015-12-05T14:34:41Z,#TNF50
2015-12-05T14:34:41Z,#CupBoundAndDown
2015-12-05T14:34:41Z,#StormDesmond
2015-12-05T14:44:36Z,Stoke
2015-12-05T14:44:36Z,#satchat
2015-12-05T14:44:36Z,#AsUsefulAsALeadBalloon
2015-12-05T14:44:36Z,Man City
2015-12-05T14:44:36Z,#BernieFlicks
2015-12-05T14:44:36Z,#ToyTeam9
2015-12-05T14:44:36Z,Shaqiri
2015-12-05T14:44:36Z,#ICallDibsOn
2015-12-05T14:44:36Z,Championship Saturday
2015-12-05T14:44:36Z,West Miami
2015-12-05T14:44:36Z,Our Selves
2015-12-05T14:44:36Z,Bojan
2015-12-05T14:44:36Z,Breakfast with Santa
2015-12-05T14:44:36Z,Bony
2015-12-05T14:44:36Z,Fellaini
2015-12-05T14:44:36Z,East Bridgewater
2015-12-05T14:44:36Z,10 US Senators
2015-12-05T14:44:36Z,SATs
2015-12-05T14:44:36Z,Pellegrini
2015-12-05T14:44:36Z,#NEWSCENTERcoats4kids
2015-12-05T14:44:36Z,#nt2t
2015-12-05T14:44:36Z,#A33MesesDeTuSiembraComandante
2015-12-05T14:44:36Z,#walkthebridge
2015-12-05T14:44:36Z,#ASH15
2015-12-05T14:44:36Z,#ActionDay
2015-12-05T14:44:36Z,#HomeMadeSimple
2015-12-05T14:44:36Z,#SmallBizSatUK
2015-12-05T14:44:36Z,#FelizSabado
2015-12-05T14:44:36Z,#StarWarsEvent
2015-12-05T14:44:36Z,#collegegameday
2015-12-05T14:44:36Z,#coreadvocates
2015-12-05T14:44:36Z,#jsconf
2015-12-05T14:44:36Z,#1989TourBrisbane
2015-12-05T14:44:36Z,#BPLonNBC
2015-12-05T14:44:36Z,#saturdaylibrarian
2015-12-05T14:44:36Z,#healthxph
2015-12-05T14:44:36Z,#JingleBellJog
2015-12-05T14:44:36Z,#TEDxEuston
2015-12-05T14:44:36Z,#SavBridgeRun
2015-12-05T14:44:36Z,#Fox29GoodDay
2015-12-05T14:44:36Z,#avfc
2015-12-05T14:44:36Z,#CHOAparade
2015-12-05T14:44:36Z,#RepealDay
2015-12-05T14:44:36Z,#SicUT
2015-12-05T14:44:36Z,#StormDesmond
2015-12-05T14:44:36Z,#AFCvSFC
2015-12-05T14:44:36Z,#BeatFlorida
2015-12-05T14:44:36Z,#LaProximaEnmienda
2015-12-05T14:44:36Z,#TNF50
2015-12-05T14:44:36Z,#InternationalVolunteerDay
2015-12-05T14:54:34Z,Stoke
2015-12-05T14:54:34Z,#satchat
2015-12-05T14:54:34Z,#AsUsefulAsALeadBalloon
2015-12-05T14:54:34Z,#BernieFlicks
2015-12-05T14:54:34Z,Championship Saturday
2015-12-05T14:54:34Z,#ICallDibsOn
2015-12-05T14:54:34Z,#ToyTeam9
2015-12-05T14:54:34Z,Shaqiri
2015-12-05T14:54:34Z,West Miami
2015-12-05T14:54:34Z,Our Selves
2015-12-05T14:54:34Z,Bojan
2015-12-05T14:54:34Z,Fellaini
2015-12-05T14:54:34Z,Breakfast with Santa
2015-12-05T14:54:34Z,Pellegrini
2015-12-05T14:54:34Z,Bony
2015-12-05T14:54:34Z,East Bridgewater
2015-12-05T14:54:34Z,10 US Senators
2015-12-05T14:54:34Z,SATs
2015-12-05T14:54:34Z,#ASH15
2015-12-05T14:54:34Z,#NEWSCENTERcoats4kids
2015-12-05T14:54:34Z,#nt2t
2015-12-05T14:54:34Z,#walkthebridge
2015-12-05T14:54:34Z,#collegegameday
2015-12-05T14:54:34Z,#A33MesesDeTuSiembraComandante
2015-12-05T14:54:34Z,#ActionDay
2015-12-05T14:54:34Z,#StarWarsEvent
2015-12-05T14:54:34Z,#HomeMadeSimple
2015-12-05T14:54:34Z,#SmallBizSatUK
2015-12-05T14:54:34Z,#FelizSabado
2015-12-05T14:54:34Z,#GMFCOP21
2015-12-05T14:54:34Z,#jsconf
2015-12-05T14:54:34Z,#RepealDay